{"cameraMode":{"drawMode":2,"name":"Shaded Wireframe","section":"Shading Mode"},"sceneLighting":false,"audioPlay":false,"sceneViewState":{"m_AlwaysRefresh":false,"showFog":false,"showSkybox":false,"showFlares":false,"showImageEffects":false,"showParticleSystems":false,"showVisualEffectGraphs":true,"m_FxEnabled":true},"in2DMode":false,"pivot":{"x":-0.004527688026428223,"y":0.931438684463501,"z":0.06025545299053192},"rotation":{"x":0.0006749093299731612,"y":0.7951681017875671,"z":0.0009945190977305174,"w":-0.6064993143081665},"size":1.2501087188720704,"orthographic":false}